{
  "Use Non-ASCII Font" : false,
  "Tags" : [

  ],
  "Ansi 12 Color" : {
    "Red Component" : 0.23921568691730499,
    "Color Space" : "sRGB",
    "Blue Component" : 0.91372549533843994,
    "Alpha Component" : 1,
    "Green Component" : 0.68235296010971069
  },
  "Ansi 7 Color" : {
    "Red Component" : 0.93725490570068359,
    "Color Space" : "sRGB",
    "Blue Component" : 0.94509804248809814,
    "Alpha Component" : 1,
    "Green Component" : 0.94117647409439087
  },
  "Draw Powerline Glyphs" : false,
  "Bold Color" : {
    "Red Component" : 0.98823529481887817,
    "Color Space" : "sRGB",
    "Blue Component" : 0.98823529481887817,
    "Alpha Component" : 1,
    "Green Component" : 0.98823529481887817
  },
  "Ansi 8 Color" : {
    "Red Component" : 0.49803921580314636,
    "Color Space" : "sRGB",
    "Blue Component" : 0.55294120311737061,
    "Alpha Component" : 1,
    "Green Component" : 0.54901963472366333
  },
  "Ansi 9 Color" : {
    "Red Component" : 0.75294119119644165,
    "Color Space" : "sRGB",
    "Blue Component" : 0.16862745583057404,
    "Alpha Component" : 1,
    "Green Component" : 0.22352941334247589
  },
  "Custom Directory" : "No",
  "Rows" : 35,
  "Default Bookmark" : "No",
  "Guid" : "F0489BA6-EC6B-4EC0-B2E3-E3173102014C",
  "Cursor Guide Color" : {
    "Red Component" : 0.70213186740875244,
    "Color Space" : "sRGB",
    "Blue Component" : 1,
    "Alpha Component" : 0.25,
    "Green Component" : 0.9268307089805603
  },
  "Non-ASCII Anti Aliased" : true,
  "Use Bright Bold" : true,
  "Ansi 10 Color" : {
    "Red Component" : 0.10980392247438431,
    "Color Space" : "sRGB",
    "Blue Component" : 0.60392159223556519,
    "Alpha Component" : 1,
    "Green Component" : 0.86274510622024536
  },
  "Ambiguous Double Width" : false,
  "Jobs to Ignore" : [
    "rlogin",
    "ssh",
    "slogin",
    "telnet"
  ],
  "Ansi 15 Color" : {
    "Red Component" : 0.98823529481887817,
    "Color Space" : "sRGB",
    "Blue Component" : 0.98823529481887817,
    "Alpha Component" : 1,
    "Green Component" : 0.98823529481887817
  },
  "Foreground Color" : {
    "Red Component" : 0.93725490570068359,
    "Color Space" : "sRGB",
    "Blue Component" : 0.94509804248809814,
    "Alpha Component" : 1,
    "Green Component" : 0.94117647409439087
  },
  "Working Directory" : "\/Users\/breengles",
  "Blinking Cursor" : false,
  "Disable Window Resizing" : true,
  "Sync Title" : false,
  "Prompt Before Closing 2" : false,
  "BM Growl" : true,
  "Mouse Reporting" : true,
  "Command" : "\/usr\/local\/bin\/zsh",
  "Description" : "Default",
  "Screen" : -1,
  "Selection Color" : {
    "Red Component" : 0.93725490570068359,
    "Color Space" : "sRGB",
    "Blue Component" : 0.94509804248809814,
    "Alpha Component" : 1,
    "Green Component" : 0.94117647409439087
  },
  "Columns" : 80,
  "Idle Code" : 0,
  "Ansi 13 Color" : {
    "Red Component" : 0.55686277151107788,
    "Color Space" : "sRGB",
    "Blue Component" : 0.67843139171600342,
    "Alpha Component" : 1,
    "Green Component" : 0.26666668057441711
  },
  "Custom Command" : "Custom Shell",
  "ASCII Anti Aliased" : true,
  "Non Ascii Font" : "Monaco 12",
  "Vertical Spacing" : 0.80000000000000004,
  "Use Bold Font" : true,
  "Option Key Sends" : 0,
  "Selected Text Color" : {
    "Red Component" : 0.19215686619281769,
    "Color Space" : "sRGB",
    "Blue Component" : 0.23137255012989044,
    "Alpha Component" : 1,
    "Green Component" : 0.21176470816135406
  },
  "Background Color" : {
    "Red Component" : 0.19215686619281769,
    "Color Space" : "sRGB",
    "Blue Component" : 0.23137255012989044,
    "Alpha Component" : 1,
    "Green Component" : 0.21176470816135406
  },
  "Character Encoding" : 4,
  "Ansi 11 Color" : {
    "Red Component" : 0.99215686321258545,
    "Color Space" : "sRGB",
    "Blue Component" : 0.29411765933036804,
    "Alpha Component" : 1,
    "Green Component" : 0.73725491762161255
  },
  "Use Italic Font" : true,
  "Unlimited Scrollback" : false,
  "Keyboard Map" : {
    "0xf700-0x260000" : {
      "Action" : 10,
      "Text" : "[1;6A"
    },
    "0x37-0x40000" : {
      "Action" : 11,
      "Text" : "0x1f"
    },
    "0x32-0x40000" : {
      "Action" : 11,
      "Text" : "0x00"
    },
    "0xf709-0x20000" : {
      "Action" : 10,
      "Text" : "[17;2~"
    },
    "0xf70c-0x20000" : {
      "Action" : 10,
      "Text" : "[20;2~"
    },
    "0xf729-0x20000" : {
      "Action" : 10,
      "Text" : "[1;2H"
    },
    "0xf72b-0x40000" : {
      "Action" : 10,
      "Text" : "[1;5F"
    },
    "0xf705-0x20000" : {
      "Action" : 10,
      "Text" : "[1;2Q"
    },
    "0xf703-0x260000" : {
      "Action" : 10,
      "Text" : "[1;6C"
    },
    "0xf700-0x220000" : {
      "Action" : 10,
      "Text" : "[1;2A"
    },
    "0xf701-0x280000" : {
      "Action" : 11,
      "Text" : "0x1b 0x1b 0x5b 0x42"
    },
    "0x38-0x40000" : {
      "Action" : 11,
      "Text" : "0x7f"
    },
    "0x33-0x40000" : {
      "Action" : 11,
      "Text" : "0x1b"
    },
    "0xf703-0x220000" : {
      "Action" : 10,
      "Text" : "[1;2C"
    },
    "0xf701-0x240000" : {
      "Action" : 10,
      "Text" : "[1;5B"
    },
    "0xf70d-0x20000" : {
      "Action" : 10,
      "Text" : "[21;2~"
    },
    "0xf702-0x260000" : {
      "Action" : 10,
      "Text" : "[1;6D"
    },
    "0xf729-0x40000" : {
      "Action" : 10,
      "Text" : "[1;5H"
    },
    "0xf706-0x20000" : {
      "Action" : 10,
      "Text" : "[1;2R"
    },
    "0x34-0x40000" : {
      "Action" : 11,
      "Text" : "0x1c"
    },
    "0xf700-0x280000" : {
      "Action" : 11,
      "Text" : "0x1b 0x1b 0x5b 0x41"
    },
    "0x2d-0x40000" : {
      "Action" : 11,
      "Text" : "0x1f"
    },
    "0xf70e-0x20000" : {
      "Action" : 10,
      "Text" : "[23;2~"
    },
    "0xf702-0x220000" : {
      "Action" : 10,
      "Text" : "[1;2D"
    },
    "0xf703-0x280000" : {
      "Action" : 11,
      "Text" : "0x1b 0x1b 0x5b 0x43"
    },
    "0xf700-0x240000" : {
      "Action" : 10,
      "Text" : "[1;5A"
    },
    "0xf707-0x20000" : {
      "Action" : 10,
      "Text" : "[1;2S"
    },
    "0xf70a-0x20000" : {
      "Action" : 10,
      "Text" : "[18;2~"
    },
    "0x35-0x40000" : {
      "Action" : 11,
      "Text" : "0x1d"
    },
    "0xf70f-0x20000" : {
      "Action" : 10,
      "Text" : "[24;2~"
    },
    "0xf703-0x240000" : {
      "Action" : 10,
      "Text" : "[1;5C"
    },
    "0xf701-0x260000" : {
      "Action" : 10,
      "Text" : "[1;6B"
    },
    "0xf702-0x280000" : {
      "Action" : 11,
      "Text" : "0x1b 0x1b 0x5b 0x44"
    },
    "0xf72b-0x20000" : {
      "Action" : 10,
      "Text" : "[1;2F"
    },
    "0x36-0x40000" : {
      "Action" : 11,
      "Text" : "0x1e"
    },
    "0xf708-0x20000" : {
      "Action" : 10,
      "Text" : "[15;2~"
    },
    "0xf701-0x220000" : {
      "Action" : 10,
      "Text" : "[1;2B"
    },
    "0xf70b-0x20000" : {
      "Action" : 10,
      "Text" : "[19;2~"
    },
    "0xf702-0x240000" : {
      "Action" : 10,
      "Text" : "[1;5D"
    },
    "0xf704-0x20000" : {
      "Action" : 10,
      "Text" : "[1;2P"
    }
  },
  "Window Type" : 0,
  "Cursor Boost" : 0,
  "Background Image Location" : "",
  "Blur" : false,
  "Badge Color" : {
    "Red Component" : 1,
    "Color Space" : "sRGB",
    "Blue Component" : 0,
    "Alpha Component" : 0.5,
    "Green Component" : 0.1491314172744751
  },
  "Scrollback Lines" : 1000,
  "Send Code When Idle" : false,
  "Close Sessions On End" : true,
  "Terminal Type" : "xterm-256color",
  "Visual Bell" : true,
  "Flashing Bell" : false,
  "Silence Bell" : false,
  "Unicode Normalization" : 0,
  "Ansi 14 Color" : {
    "Red Component" : 0.086274512112140656,
    "Color Space" : "sRGB",
    "Blue Component" : 0.5215686559677124,
    "Alpha Component" : 1,
    "Green Component" : 0.62745100259780884
  },
  "Name" : "Default",
  "Cursor Text Color" : {
    "Red Component" : 0.19215686619281769,
    "Color Space" : "sRGB",