{
  "Use Non-ASCII Font" : false,
  "Tags" : [

  ],
  "Ansi 12 Color" : {
    "Red Component" : 0.23921568691730499,
    "Color Space" : "sRGB",
    "Blue Component" : 0.91372549533843994,
    "Alpha Component" : 1,
    "Green Component" : 0.68235296010971069
  },
  "Ansi 7 Color" : {
    "Red Component" : 0.93725490570068359,
    "Color Space" : "sRGB",
    "Blue Component" : 0.94509804248809814,
    "Alpha Component" : 1,
    "Green Component" : 0.94117647409439087
  },
  "Draw Powerline Glyphs" : true,
  "Bold Color" : {
    "Red Component" : 0.98823529481887817,
    "Color Space" : "sRGB",
    "Blue Component" : 0.98823529481887817,
    "Alpha Component" : 1,
    "Green Component" : 0.98823529481887817
  },
  "Ansi 8 Color" : {
    "Red Component" : 0.49803921580314636,
    "Color Space" : "sRGB",
    "Blue Component" : 0.55294120311737061,
    "Alpha Component" : 1,
    "Green Component" : 0.54901963472366333
  },
  "Ansi 9 Color" : {
    "Red Component" : 0.75294119119644165,
    "Color Space" : "sRGB",
    "Blue Component" : 0.16862745583057404,
    "Alpha Component" : 1,
    "Green Component" : 0.22352941334247589
  },
  "Ansi 3 Color" : {
    "Red Component" : 0.96470588445663452,
    "Color Space" : "sRGB",
    "Blue Component" : 0,
    "Alpha Component" : 1,
    "Green Component" : 0.45490196347236633
  },
  "Rows" : 35,
  "Default Bookmark" : "No",
  "Ansi 1 Color" : {
    "Red Component" : 0.92941176891326904,
    "Color Space" : "sRGB",
    "Blue Component" : 0.08235294371843338,
    "Alpha Component" : 1,
    "Green Component" : 0.08235294371843338
  },
  "Cursor Guide Color" : {
    "Red Component" : 0.70213186740875244,
    "Color Space" : "sRGB",
    "Blue Component" : 1,
    "Alpha Component" : 0.25,
    "Green Component" : 0.9268307089805603
  },
  "Non-ASCII Anti Aliased" : true,
  "Use Bright Bold" : true,
  "Ansi 10 Color" : {
    "Red Component" : 0.10980392247438431,
    "Color Space" : "sRGB",
    "Blue Component" : 0.60392159223556519,
    "Alpha Component" : 1,
    "Green Component" : 0.86274510622024536
  },
  "Ambiguous Double Width" : false,
  "Jobs to Ignore" : [
    "rlogin",
    "ssh",
    "slogin",
    "telnet"
  ],
  "Ansi 15 Color" : {
    "Red Component" : 0.98823529481887817,
    "Color Space" : "sRGB",
    "Blue Component" : 0.98823529481887817,
    "Alpha Component" : 1,
    "Green Component" : 0.98823529481887817
  },
  "Foreground Color" : {
    "Red Component" : 0.93725490570068359,
    "Color Space" : "sRGB",
    "Blue Component" : 0.94509804248809814,
    "Alpha Component" : 1,
    "Green Component" : 0.94117647409439087
  },
  "Working Directory" : "\/Users\/breengles",
  "Blinking Cursor" : false,
  "Disable Window Resizing" : true,
  "Sync Title" : false,
  "Prompt Before Closing 2" : false,
  "BM Growl" : true,
  "Mouse Reporting" : true,
  "Command" : "\/usr\/local\/bin\/zsh",
  "Description" : "Default",
  "Screen" : -1,
  "Selection Color" : {
    "Red Component" : 0.93725490570068359,
    "Color Space" : "sRGB",
    "Blue Component" : 0.94509804248809814,
    "Alpha Component" : 1,
    "Green Component" : 0.94117647409439087
  },
  "Columns" : 80,
  "Idle Code" : 0,
  "Ansi 13 Color" : {
    "Red Component" : 0.55686277151107788,
    "Color Space" : "sRGB",
    "Blue Component" : 0.67843139171600342,
    "Alpha Component" : 1,
    "Green Component" : 0.26666668057441711
  },
  "Custom Command" : "No",
  "ASCII Anti Aliased" : true,
  "Non Ascii Font" : "Monaco 12",
  "Vertical Spacing" : 0.90000000000000002,
  "Use Bold Font" : true,
  "Option Key Sends" : 0,
  "Selected Text Color" : {
    "Red Component" : 0.19215686619281769,
    "Color Space" : "sRGB",
    "Blue Component" : 0.23137255012989044,
    "Alpha Component" : 1,
    "Green Component" : 0.21176470816135406
  },
  "Background Color" : {
    "Red Component" : 0.11226308964324971,
    "Color Space" : "sRGB",
    "Blue Component" : 0.1322019100189209,
    "Alpha Component" : 1,
    "Green Component" : 0.12223249983108531
  },
  "Character Encoding" : 4,
  "Ansi 11 Color" : {
    "Red Component" : 0.99215686321258545,
    "Color Space" : "sRGB",
    "Blue Component" : 0.29411765933036804,
    "Alpha Component" : 1,
    "Green Component" : 0.73725491762161255
  },
  "Use Italic Font" : true,
  "Unlimited Scrollback" : false,
  "Keyboard Map" : {
    "0xf700-0x260000" : {
      "Text" : "[1;6A",
      "Action" : 10
    },
    "0x37-0x40000" : {
      "Text" : "0x1f",
      "Action" : 11
    },
    "0x32-0x40000" : {
      "Text" : "0x00",
      "Action" : 11
    },
    "0xf709-0x20000" : {
      "Text" : "[17;2~",
      "Action" : 10
    },
    "0xf70c-0x20000" : {
      "Text" : "[20;2~",
      "Action" : 10
    },
    "0xf729-0x20000" : {
      "Text" : "[1;2H",
      "Action" : 10
    },
    "0xf72b-0x40000" : {
      "Text" : "[1;5F",
      "Action" : 10
    },
    "0xf705-0x20000" : {
      "Text" : "[1;2Q",
      "Action" : 10
    },
    "0xf703-0x260000" : {
      "Text" : "[1;6C",
      "Action" : 10
    },
    "0xf700-0x220000" : {
      "Text" : "[1;2A",
      "Action" : 10
    },
    "0xf701-0x280000" : {
      "Text" : "0x1b 0x1b 0x5b 0x42",
      "Action" : 11
    },
    "0x38-0x40000" : {
      "Text" : "0x7f",
      "Action" : 11
    },
    "0x33-0x40000" : {
      "Text" : "0x1b",
      "Action" : 11
    },
    "0xf703-0x220000" : {
      "Text" : "[1;2C",
      "Action" : 10
    },
    "0xf701-0x240000" : {
      "Text" : "[1;5B",
      "Action" : 10
    },
    "0xf70d-0x20000" : {
      "Text" : "[21;2~",
      "Action" : 10
    },
    "0xf702-0x260000" : {
      "Text" : "[1;6D",
      "Action" : 10
    },
    "0xf729-0x40000" : {
      "Text" : "[1;5H",
      "Action" : 10
    },
    "0xf706-0x20000" : {
      "Text" : "[1;2R",
      "Action" : 10
    },
    "0x34-0x40000" : {
      "Text" : "0x1c",
      "Action" : 11
    },
    "0xf700-0x280000" : {
      "Text" : "0x1b 0x1b 0x5b 0x41",
      "Action" : 11
    },
    "0x2d-0x40000" : {
      "Text" : "0x1f",
      "Action" : 11
    },
    "0xf70e-0x20000" : {
      "Text" : "[23;2~",
      "Action" : 10
    },
    "0xf702-0x220000" : {
      "Text" : "[1;2D",
      "Action" : 10
    },
    "0xf703-0x280000" : {
      "Text" : "0x1b 0x1b 0x5b 0x43",
      "Action" : 11
    },
    "0xf700-0x240000" : {
      "Text" : "[1;5A",
      "Action" : 10
    },
    "0xf707-0x20000" : {
      "Text" : "[1;2S",
      "Action" : 10
    },
    "0xf70a-0x20000" : {
      "Text" : "[18;2~",
      "Action" : 10
    },
    "0x35-0x40000" : {
      "Text" : "0x1d",
      "Action" : 11
    },
    "0xf70f-0x20000" : {
      "Text" : "[24;2~",
      "Action" : 10
    },
    "0xf703-0x240000" : {
      "Text" : "[1;5C",
      "Action" : 10
    },
    "0xf701-0x260000" : {
      "Text" : "[1;6B",
      "Action" : 10
    },
    "0xf702-0x280000" : {
      "Text" : "0x1b 0x1b 0x5b 0x44",
      "Action" : 11
    },
    "0xf72b-0x20000" : {
      "Text" : "[1;2F",
      "Action" : 10
    },
    "0x36-0x40000" : {
      "Text" : "0x1e",
      "Action" : 11
    },
    "0xf708-0x20000" : {
      "Text" : "[15;2~",
      "Action" : 10
    },
    "0xf701-0x220000" : {
      "Text" : "[1;2B",
      "Action" : 10
    },
    "0xf70b-0x20000" : {
      "Text" : "[19;2~",
      "Action" : 10
    },
    "0xf702-0x240000" : {
      "Text" : "[1;5D",
      "Action" : 10
    },
    "0xf704-0x20000" : {
      "Text" : "[1;2P",
      "Action" : 10
    }
  },
  "Window Type" : 0,
  "Cursor Boost" : 0,
  "Background Image Location" : "",
  "Blur" : false,
  "Badge Color" : {
    "Red Component" : 1,
    "Color Space" : "sRGB",
    "Blue Component" : 0,
    "Alpha Component" : 0.5,
    "Green Component" : 0.1491314172744751
  },
  "Scrollback Lines" : 1000,
  "Send Code When Idle" : false,
  "Close Sessions On End" : true,
  "Terminal Type" : "xterm-256color",
  "Visual Bell" : true,
  "Flashing Bell" : false,
  "Silence Bell" : false,
  "Unicode Normalization" : 0,